Bank Name,Press Release (PR),Closing Date,Approx. Asset (Millions),Approx. Deposit (Millions)
Signature Bank,PR-018-2023; PR-021-2023,12-Mar-23,"$110,400.00 ","$88,600.00 "
Silicon Valley Bank,"PR-019-2023, PR-023-2023",10-Mar-23,"$209,000.00 ","$175,400.00 "
Almena State Bank,PR-119-2020,23-Oct-20,$70.00 ,$68.70 
First City Bank of Florida,PR-112-2020,16-Oct-20,$134.70 ,$131.40 
First State Bank,PR-046-2020,3-Apr-20,$152.40 ,$139.50 
Ericson State Bank,PR-011-2020,14-Feb-20,$100.90 ,$95.20 
City National Bank of New Jersey,PR-101-2019,1-Nov-19,$120.60 ,$111.20 
Resolute Bank,PR-097-2019,25-Oct-19,$27.10 ,$26.20 
Louisa Community Bank,PR-096-2019,25-Oct-19,$29.70 ,$26.50 
The Enloe State Bank,PR-046-2019,31-May-19,$36.70 ,$31.30 
Washington Federal Bank for Savings,PR-096-2017,15-Dec-17,$166.30 ,$144.00 
The Farmers and Merchants State Bank of Argonia,PR-080-2017,13-Oct-17,$34.20 ,$29.60 
Fayette County Bank,PR-041-2017,26-May-17,$34.40 ,$34.00 
Guaranty Bank,PR-037-2017,5-May-17,"$1,000.00 ","$1,000.00 "
First NBC Bank,PR-034-2017,28-Apr-17,"$4,740.00 ","$3,540.00 "
Proficio Bank,PR-019-2017,3-Mar-17,$68.20 ,$65.00 
Seaway Bank and Trust Company,PR-009-2017,27-Jan-17,$361.20 ,$307.10 
Harvest Community Bank,PR-004-2017,13-Jan-17,$126.40 ,$123.80 
Allied Bank,PR-082-2016,23-Sep-16,$66.30 ,$64.70 
The Woodbury Banking Company,PR-069-2016,19-Aug-16,$21.40 ,$21.10 
First CornerStone Bank,PR-038-2016,6-May-16,$103.30 ,$101.00 
Trust Company Bank,PR-034-2016,29-Apr-16,$20.70 ,$20.30 
North Milwaukee State Bank,PR-020-2016,11-Mar-16,$67.10 ,$61.50 
Hometown National Bank,PR-078-2015,2-Oct-15,$4.90 ,$4.70 
The Bank of Georgia,PR-077-2015,2-Oct-15,$294.20 ,$280.70 
Premier Bank,PR-060-2015,10-Jul-15,$31.70 ,$29.60 
Edgebrook Bank,PR-040-2015,8-May-15,$90.00 ,$90.00 
Doral Bank,PR-024-2015,27-Feb-15,"$5,900.00 ","$4,100.00 "
Capitol City Bank & Trust Company,PR-016-2015,13-Feb-15,$272.30 ,$262.70 
Highland Community Bank,PR-007-2015,23-Jan-15,$54.70 ,$53.50 
First National Bank of Crestview,PR-006-2015,16-Jan-15,$79.70 ,$78.60 
Northern Star Bank,PR-112-2014,19-Dec-14,$18.80 ,$18.20 
Frontier Bank,PR-097-2014,7-Nov-14,$86.40 ,$82.10 
The National Republic Bank of Chicago,PR-089-2014,24-Oct-14,$954.40 ,$915.30 
NBRS Financial,PR-085-2014,17-Oct-14,$188.20 ,$183.10 
GreenChoice Bank,PR-062-2014,25-Jul-14,$72.90 ,$71.00 
Eastside Commercial Bank,PR-058-2014,18-Jul-14,$169.00 ,$161.60 
The Freedom State Bank,PR-050-2014,27-Jun-14,$22.80 ,$20.90 
Valley Bank,PR-048-2014,20-Jun-14,$81.80 ,$66.50 
Valley Bank,PR-047-2014,20-Jun-14,$456.40 ,$360.00 
Slavie Federal Savings Bank,PR-041-2014,30-May-14,$140.10 ,$111.10 
Columbia Savings Bank,PR-036-2014,23-May-14,$36.50 ,$29.50 
AztecAmerica Bank,PR-034-2014,16-May-14,$66.30 ,$65.00 
Allendale County Bank,PR-31-2014,25-Apr-14,$54.50 ,$51.00 
Vantage Point Bank,PR-017-2014,28-Feb-14,$63.50 ,$62.50 
Millennium Bank,PR-016-2014,28-Feb-14,$130.30 ,$121.70 
Syringa Bank,PR-007-2014,31-Jan-14,$153.40 ,$145.10 
The Bank of Union,PR-005-2014,24-Jan-14,$331.40 ,$328.80 
DuPage National Bank,PR-004-2014,17-Jan-14,$61.70 ,$59.60 
Texas Community Bank,PR-118-2013,13-Dec-13,$160.10 ,$142.60 
Bank of Jackson County,PR-097-2013,30-Oct-13,$25.50 ,$25.00 
First National Bank,PR-083-2013,13-Sep-13,"$3,100.00 ","$2,300.00 "
The Community's Bank,PR-082-2013,13-Sep-13,$26.30 ,$25.70 
Sunrise Bank of Arizona,PR-073-2013,23-Aug-13,$202.20 ,$196.90 
Community South Bank,PR-072-2013,23-Aug-13,$386.90 ,$377.70 
Bank of Wausau,PR-071-2013,9-Aug-13,$43.60 ,$40.70 
First Community Bank of Southwest Florida,PR-069-2013,2-Aug-13,$265.70 ,$254.20 
Mountain National Bank,PR-050-2013,7-Jun-13,$437.30 ,$373.40 
1st Commerce Bank,PR-049-2013,6-Jun-13,$20.20 ,$19.60 
Banks of Wisconsin,PR-046-2013,31-May-13,$134.00 ,$127.60 
Central Arizona Bank,PR-040-2013,14-May-13,$31.60 ,$30.80 
Sunrise Bank,PR-038-2013,10-May-13,$60.80 ,$57.80 
Pisgah Community Bank,PR-037-2013,10-May-13,$21.90 ,$21.20 
Douglas County Bank,PR-034-2013,26-Apr-13,$316.50 ,$314.30 
Parkway Bank,PR-033-2013,26-Apr-13,$108.60 ,$103.70 
Chipola Community Bank,PR-030-2013,19-Apr-13,$39.20 ,$37.60 
Heritage Bank of North Florida,PR-029-2013,19-Apr-13,$110.90 ,$108.50 
First Federal Bank,PR-028-2013,19-Apr-13,$100.10 ,$93.90 
Gold Canyon Bank,PR-026-2013,5-Apr-13,$45.20 ,$44.20 
Frontier Bank,PR-018-2013,8-Mar-13,$258.80 ,$224.10 
Covenant Bank,PR-010-2013,15-Feb-13,$58.40 ,$54.20 
1st Regents Bank,PR-005-2013,18-Jan-13,$50.20 ,$49.10 
Westside Community Bank,PR-002-2013,11-Jan-13,$97.70 ,$96.50 
Community Bank of the Ozarks,PR-146-2012,14-Dec-12,$42.80 ,$41.90 
Hometown Community Bank,PR-134-2012,16-Nov-12,$124.60 ,$108.90 
Citizens First National Bank,PR-128-2012,2-Nov-12,$924.00 ,$869.40 
Heritage Bank of Florida,PR-127-2012,2-Nov-12,$225.50 ,$223.30 
NOVA Bank,PR-123-2012,26-Oct-12,$483.00 ,$432.20 
Excel Bank,PR-120-2012,19-Oct-12,$200.60 ,$187.40 
First East Side Savings Bank,PR-119-2012,19-Oct-12,$67.20 ,$65.90 
GulfSouth Private Bank,PR-118-2012,19-Oct-12,$159.10 ,$151.10 
First United Bank,PR-113-2012,28-Sep-12,$328.40 ,$316.90 
Truman Bank,PR-106-2012,14-Sep-12,$282.30 ,$245.70 
First Commercial Bank,PR-104-2012,7-Sep-12,$215.90 ,$206.80 
Waukegan Savings Bank,PR-090-2012,3-Aug-12,$88.90 ,$77.50 
Jasper Banking Company,PR-089-2012,27-Jul-12,$216.70 ,$213.10 
Second Federal Savings and Loan Association of Chicago,PR-086-2012,20-Jul-12,$199.10 ,$175.90 
Heartland Bank,PR-085-2012,20-Jul-12,$110.00 ,$102.60 
First Cherokee State Bank,PR-084-2012,20-Jul-12,$222.70 ,$193.30 
Georgia Trust Bank,PR-083-2012,20-Jul-12,$119.80 ,$117.40 
The Royal Palm Bank of Florida,PR-082-2012,20-Jul-12,$87.00 ,$85.10 
Glasgow Savings Bank,PR-081-2012,13-Jul-12,$24.80 ,$24.20 
Montgomery Bank & Trust,PR-080-2012,6-Jul-12,$173.60 ,$164.40 
The Farmers Bank of Lynchburg,PR-71-2012,15-Jun-12,$163.90 ,$156.40 
Security Exchange Bank,PR-070-2012,15-Jun-12,$151.00 ,$147.90 
Putnam State Bank,PR-069-2012,15-Jun-12,$169.50 ,$160.00 
Waccamaw Bank,PR-067-2012,8-Jun-12,$533.10 ,$472.70 
Farmers and Traders State Bank,PR-066-2012,8-Jun-12,$43.10 ,$42.30 
Carolina Federal Savings Bank,PR-065-2012,8-Jun-12,$54.40 ,$53.10 
First Capital Bank,PR-064-2012,8-Jun-12,$46.10 ,$44.80 
Alabama Trust Bank,PR-057-2012,18-May-12,$51.60 ,$45.10 
Security Bank,PR-052-2012,4-May-12,$101.00 ,$99.10 
Palm Desert National Bank,PR-050-2012,27-Apr-12,$125.80 ,$122.80 
Plantation Federal Bank,PR-049-2012,27-Apr-12,$486.40 ,$440.50 
Inter Savings Bank,PR-048-2012,27-Apr-12,$481.60 ,$473.00 
HarVest Bank of Maryland,PR-047-2012,27-Apr-12,$164.30 ,$145.50 
Bank of the Eastern Shore,PR-046-2012,27-Apr-12,$166.70 ,$154.50 
Fort Lee Federal Savings Bank,PR-043-2012,20-Apr-12,$51.90 ,$50.70 
Fidelity Bank,PR-038-2012,30-Mar-12,$818.20 ,$747.60 
Premier Bank,PR-033-2012,23-Mar-12,$268.70 ,$199.00 
Covenant Bank & Trust,PR-032-2012,23-Mar-12,$95.70 ,$90.60 
New City Bank,PR-029-2012,9-Mar-12,$71.20 ,$72.40 
Global Commerce Bank,PR-025-2012,2-Mar-12,$143.70 ,$116.80 
Home Savings of America,PR-022-2012,24-Feb-12,$434.10 ,$432.20 
Central Bank of Georgia,PR-021-2012,24-Feb-12,$278.90 ,$266.60 
SCB Bank,PR-018-2012,10-Feb-12,$182.60 ,$171.60 
Charter National Bank and Trust,PR-017-2012,10-Feb-12,$93.90 ,$89.50 
BankEast,PR-013-2012,27-Jan-12,$272.60 ,$268.80 
Patriot Bank Minnesota,PR-012-2012,27-Jan-12,$111.30 ,$108.30 
Tennessee Commerce Bank,PR-011-2012,27-Jan-12,"$1,185.00 ","$1,156.00 "
First Guaranty Bank and Trust Company of Jacksonville,PR-010-2012,27-Jan-12,$377.90 ,$349.50 
American Eagle Savings Bank,PR-007-2012,20-Jan-12,$19.60 ,$17.70 
The First State Bank,PR-006-2012,20-Jan-12,$536.90 ,$527.50 
Central Florida State Bank,PR-005-2012,20-Jan-12,$79.10 ,$77.70 
Western National Bank,PR-195-2011,16-Dec-11,$162.90 ,$144.50 
Premier Community Bank of the Emerald Coast,PR-194-2011,16-Dec-11,$126.00 ,$112.10 
Central Progressive Bank,PR-181-2011,18-Nov-11,$383.10 ,$347.70 
Polk County Bank,PR-180-2011,18-Nov-11,$91.60 ,$82.00 
Community Bank of Rockmart,PR-178-2011,10-Nov-11,$62.40 ,$55.90 
SunFirst Bank,PR-177-2011,4-Nov-11,$198.10 ,$169.10 
Mid City Bank,PR-176-2011,4-Nov-11,$106.10 ,$105.50 
All American Bank,PR-174-2011,28-Oct-11,$37.80 ,$33.40 
Community Banks of Colorado,PR-172-2011,21-Oct-11,"$1,380.00 ","$1,330.00 "
Community Capital Bank,PR-171-2011,21-Oct-11,$181.20 ,$166.20 
Decatur First Bank,PR-170-2011,21-Oct-11,$191.50 ,$179.20 
Old Harbor Bank,PR-169-2011,21-Oct-11,$215.90 ,$217.80 
Country Bank,PR-167-2011,14-Oct-11,$190.60 ,$167.50 
First State Bank,PR-166-2011,14-Oct-11,$204.40 ,$201.20 
Blue Ridge Savings Bank,PR-165-2011,14-Oct-11,$161.00 ,$158.70 
Piedmont Community Bank,PR-164-2011,14-Oct-11,$201.70 ,$181.40 
Sun Security Bank,PR-159-2011,7-Oct-11,$355.90 ,$290.40 
The RiverBank,PR-158-2011,7-Oct-11,$417.40 ,$379.30 
First International Bank,PR-156-2011,30-Sep-11,$239.90 ,$208.80 
Citizens Bank of Northern California,PR-154-2011,23-Sep-11,$288.80 ,$253.10 
Bank of the Commonwealth,PR-153-2011,23-Sep-11,$985.10 ,$901.80 
The First National Bank Of Florida,PR-149-2011,9-Sep-11,$296.80 ,$280.10 
CreekSide Bank,PR-146-2011,2-Sep-11,$102.30 ,$96.60 
Patriot Bank of Georgia,PR-146-2011,2-Sep-11,$150.80 ,$111.20 
First Choice Bank,PR-139-2011,19-Aug-11,$141.00 ,$137.20 
First Southern National Bank,PR-138-2011,19-Aug-11,$164.60 ,$159.70 
Lydian Private Bank,PR-137-2011,19-Aug-11,"$1,700.00 ","$1,240.00 "
Public Savings Bank,PR-136-2011,18-Aug-11,$46.80 ,$45.80 
The First National Bank of Olathe,PR-134-2011,12-Aug-11,$538.10 ,$524.30 
Bank of Whitman,PR-132-2011,5-Aug-11,$548.60 ,$515.70 
Bank of Shorewood,PR-131-2011,5-Aug-11,$110.70 ,$104.00 
Integra Bank National Association,PR-128-2011,29-Jul-11,"$2,200.00 ","$1,900.00 "
BankMeridian,PR-127-2011,29-Jul-11,$239.80 ,$215.50 
Virginia Business Bank,PR-126-2011,29-Jul-11,$95.80 ,$85.00 
Bank of Choice,PR-124-2011,22-Jul-11,"$1,070.00 ",$924.90 
LandMark Bank of Florida,PR-123-2011,22-Jul-11,$275.00 ,$246.70 
Southshore Community Bank,PR-123-2011,22-Jul-11,$46.30 ,$45.30 
Summit Bank,PR-122-2011,15-Jul-11,$72.00 ,$66.40 
First Peoples Bank,PR-121-2011,15-Jul-11,$228.30 ,$209.70 
High Trust Bank,PR-120-2011,15-Jul-11,$192.50 ,$189.50 
One Georgia Bank,PR-120-2011,15-Jul-11,$186.30 ,$162.10 
Signature Bank,PR-119-2011,8-Jul-11,$66.70 ,$64.50 
Colorado Capital Bank,PR-118-2011,8-Jul-11,$717.50 ,$672.80 
First Chicago Bank & Trust,PR-117-2011,8-Jul-11,$959.30 ,$887.50 
Mountain Heritage Bank,PR-110-2011,24-Jun-11,$103.70 ,$89.60 
First Commercial Bank of Tampa Bay,PR-105-2011,17-Jun-11,$98.60 ,$92.60 
McIntosh State Bank,PR-104-2011,17-Jun-11,$339.90 ,$324.40 
Atlantic Bank and Trust,PR-100-2011,3-Jun-11,$208.20 ,$191.60 
First Heritage Bank,PR-094-2011,27-May-11,$173.50 ,$163.30 
Summit Bank,PR-090-2011,20-May-11,$142.70 ,$131.60 
First Georgia Banking Company,PR-089-2011,20-May-11,$731.00 ,$702.20 
Atlantic Southern Bank,PR-089-2011,20-May-11,$741.90 ,$707.60 
Coastal Bank,PR-084-2011,6-May-11,$129.40 ,$123.90 
Community Central Bank,PR-080-2011,29-Apr-11,$476.30 ,$385.40 
The Park Avenue Bank,PR-079-2011,29-Apr-11,$953.30 ,$827.70 
First Choice Community Bank,PR-079-2011,29-Apr-11,$308.50 ,$310.00 
Cortez Community Bank,PR-078-2011,29-Apr-11,$70.90 ,$61.40 
First National Bank of Central Florida,PR-078-2011,29-Apr-11,$352.00 ,$312.10 
Heritage Banking Group,PR-075-2011,15-Apr-11,$224.00 ,$196.20 
Rosemount National Bank,PR-074-2011,15-Apr-11,$37.60 ,$36.60 
Superior Bank,PR-073-2011,15-Apr-11,"$3,000.00 ","$2,700.00 "
Nexity Bank,PR-072-2011,15-Apr-11,$793.70 ,$637.80 
New Horizons Bank,PR-071-2011,15-Apr-11,$110.70 ,$106.10 
Bartow County Bank,PR-070-2011,15-Apr-11,$330.20 ,$304.10 
Nevada Commerce Bank,PR-065-2011,8-Apr-11,$144.90 ,$136.40 
Western Springs National Bank and Trust,PR-064-2011,8-Apr-11,$186.80 ,$181.90 
The Bank of Commerce,PR-058-2011,25-Mar-11,$163.10 ,$161.40 
Legacy Bank,PR-055-2011,11-Mar-11,$190.40 ,$183.30 
The First National Bank of Davis,PR-054-2011,11-Mar-11,$90.20 ,$68.30 
Valley Community Bank,PR-048-2011,25-Feb-11,$123.80 ,$124.20 
San Luis Trust Bank,PR-041-2011,18-Feb-11,$332.60 ,$272.20 
Charter Oak Bank,PR-040-2011,18-Feb-11,$120.80 ,$105.30 
Citizens Bank of Effingham,PR-039-2011,18-Feb-11,$214.30 ,$206.50 
Habersham Bank,PR-038-2011,18-Feb-11,$387.60 ,$339.90 
Canyon National Bank,PR-035-2011,11-Feb-11,$210.90 ,$205.30 
Badger State Bank,PR-034-2011,11-Feb-11,$83.80 ,$78.50 
Peoples State Bank,PR-033-2011,11-Feb-11,$390.50 ,$389.90 
Sunshine State Community Bank,PR-032-2011,11-Feb-11,$125.50 ,$116.70 
Community First Bank - Chicago,PR-025-2011,4-Feb-11,$51.10 ,$49.50 
North Georgia Bank,PR-024-2011,4-Feb-11,$153.20 ,$139.70 
American Trust Bank,PR-023-2011,4-Feb-11,$238.20 ,$222.20 
First Community Bank,PR-018-2011,28-Jan-11,"$2,310.00 ","$1,940.00 "
FirsTier Bank,PR-017-2011,28-Jan-11,$781.50 ,$722.80 
Evergreen State Bank,PR-016-2011,28-Jan-11,$246.50 ,$195.20 
The First State Bank,PR-015-2011,28-Jan-11,$43.50 ,$40.30 
United Western Bank,PR-013-2011,21-Jan-11,"$2,050.00 ","$1,650.00 "
The Bank of Asheville,PR-012-2011,21-Jan-11,$195.10 ,$188.30 
CommunitySouth Bank and Trust,PR-011-2011,21-Jan-11,$440.60 ,$402.40 
Enterprise Banking Company,PR-010-2011,21-Jan-11,$100.90 ,$95.50 
Oglethorpe Bank,PR-006-2011,14-Jan-11,$230.60 ,$212.70 
Legacy Bank,PR-003-2011,7-Jan-11,$150.60 ,$125.90 
First Commercial Bank of Florida,PR-002-2011,7-Jan-11,$598.50 ,$529.60 
Community National Bank,PR-276-2010,17-Dec-10,$31.60 ,$28.80 
First Southern Bank,PR-275-2010,17-Dec-10,$191.80 ,$155.80 
United Americas Bank,PR-274-2010,17-Dec-10,$242.30 ,$193.80 
Appalachian Community Bank,PR-273-2010,17-Dec-10,$68.20 ,$76.40 
Chestatee State Bank,PR-272-2010,17-Dec-10,$244.40 ,$240.50 
The Bank of Miami,PR-271-2010,17-Dec-10,$448.20 ,$374.20 
Earthstar Bank,PR-264-2010,10-Dec-10,$112.60 ,$104.50 
Paramount Bank,PR-263-2010,10-Dec-10,$252.70 ,$213.60 
First Banking Center,PR-255-2010,19-Nov-10,$750.70 ,$664.80 
Allegiance Bank of North America,PR-254-2010,19-Nov-10,$106.60 ,$92.00 
Gulf State Community Bank,PR-253-2010,19-Nov-10,$112.10 ,$112.20 
Copper Star Bank,PR-250-2010,12-Nov-10,$204.00 ,$190.20 
Darby Bank & Trust Co.,PR-249-2010,12-Nov-10,$654.70 ,$587.60 
Tifton Banking Company,PR-249-2010,12-Nov-10,$143.70 ,$141.60 
First Vietnamese American Bank,PR-245-2010,5-Nov-10,$48.00 ,$47.00 
Pierce Commercial Bank,PR-244-2010,5-Nov-10,$221.10 ,$193.50 
Western Commercial Bank,PR-243-2010,5-Nov-10,$98.60 ,$101.10 
K Bank,PR-242-2010,5-Nov-10,$538.30 ,$500.10 
First Arizona Savings,PR-237-2010,22-Oct-10,$272.20 ,$198.80 
Hillcrest Bank,PR-236-2010,22-Oct-10,"$1,650.00 ","$1,540.00 "
First Suburban National Bank,PR-235-2010,22-Oct-10,$148.70 ,$140.00 
The First National Bank of Barnesville,PR-234-2010,22-Oct-10,$131.40 ,$127.10 
The Gordon Bank,PR-233-2010,22-Oct-10,$29.40 ,$26.70 
Progress Bank of Florida,PR-232-2010,22-Oct-10,$110.70 ,$101.30 
First Bank of Jacksonville,PR-231-2010,22-Oct-10,$81.00 ,$77.30 
Premier Bank,PR-228-2010,15-Oct-10,"$1,180.00 ","$1,030.00 "
WestBridge Bank and Trust Company,PR-227-2010,15-Oct-10,$91.50 ,$72.50 
Security Savings Bank,PR-226-2010,15-Oct-10,$508.40 ,$397.00 
Shoreline Bank,PR-221-2010,1-Oct-10,$104.20 ,$100.20 
Wakulla Bank,PR-220-2010,1-Oct-10,$424.10 ,$386.30 
North County Bank,PR-215-2010,24-Sep-10,$288.80 ,$276.10 
Haven Trust Bank Florida,PR-214-2010,24-Sep-10,$148.60 ,$133.60 
Maritime Savings Bank,PR-210-2010,17-Sep-10,$350.50 ,$248.10 
Bramble Savings Bank,PR-209-2010,17-Sep-10,$47.50 ,$41.60 
The Peoples Bank,PR-208-2010,17-Sep-10,$447.20 ,$398.20 
First Commerce Community Bank,PR-208-2010,17-Sep-10,$248.20 ,$242.80 
Bank of Ellijay,PR-208-2010,17-Sep-10,$168.80 ,$160.70 
ISN Bank,PR-207-2010,17-Sep-10,$81.60 ,$79.70 
Horizon Bank,PR-205-2010,10-Sep-10,$187.80 ,$164.60 
Sonoma Valley Bank,PR-196-2010,20-Aug-10,$337.10 ,$255.50 
Los Padres Bank,PR-195-2010,20-Aug-10,$870.40 ,$770.70 
Butte Community Bank,PR-194-2010,20-Aug-10,$498.80 ,$471.30 
Pacific State Bank,PR-194-2010,20-Aug-10,$312.10 ,$278.80 
ShoreBank,PR-193-2010,20-Aug-10,"$2,160.00 ","$1,540.00 "
Imperial Savings and Loan Association,PR-192-2010,20-Aug-10,$9.40 ,$10.10 
Independent National Bank,PR-191-2010,20-Aug-10,$156.20 ,$141.90 
Community National Bank at Bartow,PR-191-2010,20-Aug-10,$67.90 ,$63.70 
Palos Bank and Trust Company,PR-189-2010,13-Aug-10,$493.40 ,$467.80 
Ravenswood Bank,PR-181-2010,6-Aug-10,$264.60 ,$269.50 
LibertyBank,PR-176-2010,30-Jul-10,$768.20 ,$718.50 
The Cowlitz Bank,PR-175-2010,30-Jul-10,$529.30 ,$513.90 
Coastal Community Bank,PR-174-2010,30-Jul-10,$372.90 ,$363.20 
Bayside Savings Bank,PR-174-2010,30-Jul-10,$66.10 ,$52.40 
NorthWest Bank and Trust,PR-172-2010,30-Jul-10,$167.70 ,$159.40 
Home Valley Bank,PR-169-2010,23-Jul-10,$251.80 ,$229.60 
SouthwestUSA Bank,PR-168-2010,23-Jul-10,$214.00 ,$186.70 
Community Security Bank,PR-167-2010,23-Jul-10,$108.00 ,$99.70 
Thunder Bank,PR-166-2010,23-Jul-10,$32.60 ,$28.50 
Williamsburg First National Bank,PR-165-2010,23-Jul-10,$139.30 ,$134.30 
Crescent Bank and Trust Company,PR-164-2010,23-Jul-10,"$1,010.00 ",$965.70 
Sterling Bank,PR-163-2010,23-Jul-10,$407.90 ,$372.40 
Mainstreet Savings Bank,PR-159-2010,16-Jul-10,$97.40 ,$63.70 
Olde Cypress Community Bank,PR-158-2010,16-Jul-10,$168.70 ,$162.40 
Turnberry Bank,PR-157-2010,16-Jul-10,$263.90 ,$196.90 
Metro Bank of Dade County,PR-157-2010,16-Jul-10,$442.30 ,$391.30 
First National Bank of the South,PR-157-2010,16-Jul-10,$682.00 ,$610.10 
Woodlands Bank,PR-156-2010,16-Jul-10,$376.20 ,$355.30 
Home National Bank,PR-152-2010,9-Jul-10,$644.50 ,$560.70 
USA Bank,PR-151-2010,9-Jul-10,$193.30 ,$189.90 
Ideal Federal Savings Bank,PR-150-2010,9-Jul-10,$6.30 ,$5.80 
Bay National Bank,PR-149-2010,9-Jul-10,$282.20 ,$276.10 
High Desert State Bank,PR-145-2010,25-Jun-10,$80.30 ,$81.00 
First National Bank,PR-144-2010,25-Jun-10,$252.50 ,$231.90 
Peninsula Bank,PR-143-2010,25-Jun-10,$644.30 ,$580.10 
Nevada Security Bank,PR-137-2010,18-Jun-10,$480.30 ,$479.80 
Washington First International Bank,PR-133-2010,11-Jun-10,$520.90 ,$441.40 
TierOne Bank,PR-132-2010,4-Jun-10,"$2,800.00 ","$2,200.00 "
Arcola Homestead Savings Bank,PR-131-2010,4-Jun-10,$17.00 ,$18.10 
First National Bank,PR-130-2010,4-Jun-10,$60.40 ,$63.50 
Sun West Bank,PR-127-2010,28-May-10,$360.70 ,$353.90 
Granite Community Bank,PR-126-2010,28-May-10,$102.90 ,$94.20 
Bank of Florida - Tampa Bay,PR-125-2010,28-May-10,$245.20 ,$224.00 
Bank of Florida - Southwest,PR-125-2010,28-May-10,$640.90 ,$559.90 
Bank of Florida - Southeast,PR-125-2010,28-May-10,$595.30 ,$531.70 
Pinehurst Bank,PR-118-2010,21-May-10,$61.20 ,$58.30 
Midwest Bank and Trust Company,PR-116-2010,14-May-10,"$3,170.00 ","$2,420.00 "
Southwest Community Bank,PR-115-2010,14-May-10,$96.60 ,$102.50 
New Liberty Bank,PR-114-2010,14-May-10,$109.10 ,$101.80 
Satilla Community Bank,PR-113-2010,14-May-10,$135.70 ,$134.00 
1st Pacific Bank of California,PR-109-2010,7-May-10,$335.80 ,$291.20 
Towne Bank of Arizona,PR-108-2010,7-May-10,$120.20 ,$113.20 
Access Bank,PR-107-2010,7-May-10,$32.00 ,$32.00 
The Bank of Bonifay,PR-106-2010,7-May-10,$242.90 ,$230.20 
Frontier Bank,PR-101-2010,30-Apr-10,"$3,500.00 ","$3,130.00 "
BC National Banks,PR-100-2010,30-Apr-10,$67.20 ,$54.90 
Champion Bank,PR-099-2010,30-Apr-10,$187.30 ,$153.80 
CF Bancorp,PR-098-2010,30-Apr-10,"$1,650.00 ","$1,430.00 "
Westernbank Puerto Rico,PR-097-2010,30-Apr-10,"$11,940.00 ","$8,620.00 "
R-G Premier Bank of Puerto Rico,PR-096-2010,30-Apr-10,"$5,920.00 ","$4,250.00 "
Eurobank,PR-095-2010,30-Apr-10,"$2,560.00 ","$1,970.00 "
Wheatland Bank,PR-090-2010,23-Apr-10,$437.20 ,$438.50 
Peotone Bank and Trust Company,PR-089-2010,23-Apr-10,$130.20 ,$127.00 
Lincoln Park Savings Bank,PR-088-2010,23-Apr-10,$199.90 ,$171.50 
New Century Bank,PR-087-2010,23-Apr-10,$485.60 ,$492.00 
Citizens Bank & Trust Company of Chicago,PR-086-2010,23-Apr-10,$77.30 ,$74.50 
Broadway Bank,PR-085-2010,23-Apr-10,"$1,200.00 ","$1,100.00 "
Amcore Bank,PR-084-2010,23-Apr-10,"$3,800.00 ","$3,400.00 "
City Bank,PR-082-2010,16-Apr-10,"$1,130.00 ","$1,020.00 "
Tamalpais Bank,PR-081-2010,16-Apr-10,$628.90 ,$487.60 
Innovative Bank,PR-080-2010,16-Apr-10,$268.90 ,$225.20 
Butler Bank,PR-079-2010,16-Apr-10,$268.00 ,$233.20 
Riverside National Bank of Florida,PR-078-2010,16-Apr-10,"$3,420.00 ","$2,760.00 "
AmericanFirst Bank,PR-078-2010,16-Apr-10,$90.50 ,$81.90 
First Federal Bank of North Florida,PR-078-2010,16-Apr-10,$393.30 ,$324.20 
Lakeside Community Bank,PR-077-2010,16-Apr-10,$53.00 ,$52.30 
Beach First National Bank,PR-073-2010,9-Apr-10,$585.10 ,$516.00 
Desert Hills Bank,PR-069-2010,26-Mar-10,$496.60 ,$426.50 
Unity National Bank,PR-068-2010,26-Mar-10,$292.20 ,$264.30 
Key West Bank,PR-067-2010,26-Mar-10,$88.00 ,$67.70 
McIntosh Commercial Bank,PR-066-2010,26-Mar-10,$362.90 ,$343.30 
State Bank of Aurora,PR-062-2010,19-Mar-10,$28.20 ,$27.80 
First Lowndes Bank,PR-061-2010,19-Mar-10,$137.20 ,$131.10 
Bank of Hiawassee,PR-060-2010,19-Mar-10,$377.80 ,$339.60 
Appalachian Community Bank,PR-059-2010,19-Mar-10,"$1,010.00 ",$917.60 
Advanta Bank Corp.,PR-058-2010,19-Mar-10,"$1,600.00 ","$1,500.00 "
Century Security Bank,PR-057-2010,19-Mar-10,$96.50 ,$94.00 
American National Bank,PR-056-2010,19-Mar-10,$70.30 ,$66.80 
Statewide Bank,PR-053-2010,12-Mar-10,$243.20 ,$208.80 
Old Southern Bank,PR-052-2010,12-Mar-10,$315.60 ,$319.70 
Park Avenue Bank,PR-051-2010,12-Mar-10,$520.10 ,$494.50 
LibertyPointe Bank,PR-049-2010,11-Mar-10,$209.70 ,$209.50 
Centennial Bank,PR-046-2010,5-Mar-10,$215.20 ,$205.10 
Waterfield Bank,PR-045-2010,5-Mar-10,$155.60 ,$156.40 
Bank of Illinois,PR-044-2010,5-Mar-10,$211.70 ,$198.50 
Sun American Bank,PR-043-2010,5-Mar-10,$535.70 ,$443.50 
Rainier Pacific Bank,PR-041-2010,26-Feb-10,$717.80 ,$446.20 
Carson River Community Bank,PR-040-2010,26-Feb-10,$51.10 ,$50.00 
La Jolla Bank,PR-034-2010,19-Feb-10,"$3,600.00 ","$2,800.00 "
George Washington Savings Bank,PR-033-2010,19-Feb-10,$412.80 ,$395.30 
The La Coste National Bank,PR-032-2010,19-Feb-10,$53.90 ,$49.30 
Marco Community Bank,PR-031-2010,19-Feb-10,$119.60 ,$117.10 
1st American State Bank of Minnesota,PR-030-2010,5-Feb-10,$18.20 ,$16.30 
American Marine Bank,PR-027-2010,29-Jan-10,$373.20 ,$308.50 
First Regional Bank,PR-026-2010,29-Jan-10,"$2,180.00 ","$1,870.00 "
Community Bank and Trust,PR-025-2010,29-Jan-10,"$1,210.00 ","$1,110.00 "
Marshall Bank,PR-024-2010,29-Jan-10,$59.90 ,$54.70 
Florida Community Bank,PR-023-2010,29-Jan-10,$875.50 ,$795.50 
First National Bank of Georgia,PR-022-2010,29-Jan-10,$832.60 ,$757.90 
Columbia River Bank,PR-018-2010,22-Jan-10,"$1,100.00 ","$1,000.00 "
Evergreen Bank,PR-017-2010,22-Jan-10,$488.50 ,$439.40 
Charter Bank,PR-016-2010,22-Jan-10,"$1,200.00 ",$851.50 
Bank of Leeton,PR-015-2010,22-Jan-10,$20.10 ,$20.40 
Premier American Bank,PR-014-2010,22-Jan-10,$350.90 ,$326.30 
Barnes Banking Company,PR-010-2010,15-Jan-10,$827.80 ,$786.50 
St. Stephen State Bank,PR-009-2010,15-Jan-10,$24.70 ,$23.40 
Town Community Bank and Trust,PR-008-2010,15-Jan-10,$69.60 ,$67.40 
Horizon Bank,PR-004-2010,8-Jan-10,"$1,300.00 ","$1,100.00 "
First Federal Bank of California,PR-239-2009,18-Dec-09,"$6,100.00 ","$4,500.00 "
Imperial Capital Bank,PR-238-2009,18-Dec-09,"$4,000.00 ","$2,800.00 "
Independent Bankers' Bank,PR-237-2009;  PR-006-2010,18-Dec-09,$585.50 ,$511.50 
New South Federal Savings Bank,PR-236-2009,18-Dec-09,"$1,500.00 ","$1,200.00 "
Citizens State Bank,PR-235-2009,18-Dec-09,$168.60 ,$157.10 
Peoples First Community Bank,PR-234-2009,18-Dec-09,"$1,800.00 ","$1,700.00 "
RockBridge Commercial Bank,PR-233-2009,18-Dec-09,$294.00 ,$291.70 
SolutionsBank,PR-227-2009,11-Dec-09,$511.10 ,$421.30 
Valley Capital Bank,PR-226-2009,11-Dec-09,$40.30 ,$41.30 
Republic Federal Bank,PR-225-2009,11-Dec-09,$433.00 ,$352.70 
Greater Atlantic Bank,PR-224-2009,4-Dec-09,$203.00 ,$179.00 
Benchmark Bank,PR-223-2009,4-Dec-09,$170.00 ,$181.00 
AmTrust Bank,PR-222-2009,4-Dec-09,"$12,000.00 ","$8,000.00 "
The Tattnall Bank,PR-221-2009,4-Dec-09,$49.60 ,$47.30 
First Security National Bank,PR-220-2009,4-Dec-09,$128.00 ,$123.00 
The Buckhead Community Bank,PR-219-2009,4-Dec-09,$874.00 ,$838.00 
Commerce Bank of Southwest Florida,PR-211-2009,20-Nov-09,$79.70 ,$76.70 
Pacific Coast National Bank,PR-207-2009,13-Nov-09,$134.40 ,$130.90 
Orion Bank,PR-206-2009,13-Nov-09,"$2,700.00 ","$2,100.00 "
Century Bank,PR-205-2009,13-Nov-09,$728.00 ,$631.00 
United Commercial Bank,PR-201-2009,6-Nov-09,"$11,200.00 ","$7,500.00 "
Gateway Bank of St. Louis,PR-200-2009,6-Nov-09,$27.70 ,$27.90 
Prosperan Bank,PR-199-2009,6-Nov-09,$199.50 ,$175.60 
Home Federal Savings Bank,PR-198-2009,6-Nov-09,$14.90 ,$12.80 
United Security Bank,PR-197-2009,6-Nov-09,$157.00 ,$150.00 
North Houston Bank,PR-195-2009,30-Oct-09,$326.20 ,$308.00 
Madisonville State Bank,PR-195-2009,30-Oct-09,$256.70 ,$225.20 
Citizens National Bank,PR-195-2009,30-Oct-09,$118.20 ,$97.70 
Park National Bank,PR-195-2009,30-Oct-09,"$4,706.10 ","$3,730.90 "
Pacific National Bank,PR-195-2009,30-Oct-09,"$2,335.30 ","$1,762.80 "
California National Bank,PR-195-2009,30-Oct-09,"$7,792.20 ","$6,160.40 "
San Diego National Bank,PR-195-2009,30-Oct-09,"$3,608.10 ","$2,892.40 "
Community Bank of Lemont,PR-195-2009,30-Oct-09,$81.80 ,$81.20 
Bank USA,PR-195-2009,30-Oct-09,$212.80 ,$117.10 
First DuPage Bank,PR-192-2009,23-Oct-09,$279.00 ,$254.00 
Riverview Community Bank,PR-191-2009,23-Oct-09,$108.00 ,$80.00 
Bank of Elmwood,PR-190-2009,23-Oct-09,$327.40 ,$273.20 
Flagship National Bank,PR-189-2009,23-Oct-09,$190.00 ,$175.00 
Hillcrest Bank Florida,PR-188-2009,23-Oct-09,$83.00 ,$84.00 
American United Bank,PR-187-2009,23-Oct-09,$111.00 ,$101.00 
Partners Bank,PR-186-2009,23-Oct-09,$65.50 ,$64.90 
San Joaquin Bank,PR-185-2009,16-Oct-09,$775.00 ,$631.00 
Southern Colorado National Bank,PR-181-2009,2-Oct-09,$39.50 ,$31.90 
Jennings State Bank,PR-180-2009,2-Oct-09,$56.30 ,$52.40 
Warren Bank,PR-179-2009,2-Oct-09,$538.00 ,$501.00 
Georgian Bank,PR-177-2009,25-Sep-09,"$2,000.00 ","$2,000.00 "
Irwin Union Bank,PR-174-2009,18-Sep-09,$493.00 ,$441.00 
Irwin Union Bank and Trust Company,PR-174-2009,18-Sep-09,"$2,700.00 ","$2,100.00 "
Venture Bank,PR-170-2009,11-Sep-09,$970.00 ,$903.00 
Brickwell Community Bank,PR-169-2009,11-Sep-09,$72.00 ,$63.00 
Corus Bank,PR-168-2009,11-Sep-09,"$7,000.00 ","$7,000.00 "
First State Bank,PR-165-2009,4-Sep-09,$105.00 ,$95.00 
Platinum Community Bank,PR-164-2009,4-Sep-09,$345.60 ,$305.00 
Vantus Bank,PR-163-2009,4-Sep-09,$458.00 ,$368.00 
InBank,PR-162-2009,4-Sep-09,$212.00 ,$199.00 
First Bank of Kansas City,PR-161-2009,4-Sep-09,$16.00 ,$15.00 
Affinity Bank,PR-157-2009,28-Aug-09,"$1,000.00 ",$922.00 
Mainstreet Bank,PR-156-2009,28-Aug-09,$459.00 ,$434.00 
Bradford Bank,PR-155-2009,28-Aug-09,$452.00 ,$383.00 
Guaranty Bank,PR-150-2009,21-Aug-09,"$13,000.00 ","$12,000.00 "
CapitalSouth Bank,PR-149-2009,21-Aug-09,$617.00 ,$546.00 
First Coweta Bank,PR-148-2009,21-Aug-09,$167.00 ,$155.00 
ebank,PR-147-2009,21-Aug-09,$143.00 ,$130.00 
Community Bank of Nevada,PR-146-2009,14-Aug-09,"$1,520.00 ","$1,380.00 "
Community Bank of Arizona,PR-145-2009,14-Aug-09,$158.50 ,$143.80 
Union Bank,PR-144-2009,14-Aug-09,$124.00 ,$112.00 
Colonial Bank,PR-143-2009,14-Aug-09,"$25,000.00 ","$20,000.00 "
Dwelling House Savings and Loan Association,PR-142-2009,14-Aug-09,$13.40 ,$13.80 
Community First Bank,PR-141-2009,7-Aug-09,$209.00 ,$182.00 
Community National Bank of Sarasota County,PR-140-2009,7-Aug-09,$97.00 ,$93.00 
First State Bank,PR-139-2009,7-Aug-09,$463.00 ,$387.00 
Mutual Bank,PR-137-2009,31-Jul-09,"$1,600.00 ","$1,600.00 "
First BankAmericano,PR-136-2009,31-Jul-09,$166.00 ,$157.00 
Peoples Community Bank,PR-135-2009,31-Jul-09,$705.80 ,$598.20 
Integrity Bank,PR-134-2009,31-Jul-09,$119.00 ,$102.00 
First State Bank of Altus,PR-133-2009,31-Jul-09,$103.40 ,$98.20 
Security Bank of Bibb County,PR-130-2009,24-Jul-09,"$1,200.00 ","$1,000.00 "
Security Bank of Houston County,PR-130-2009,24-Jul-09,$383.00 ,$320.00 
Security Bank of Jones County,PR-130-2009,24-Jul-09,$453.00 ,$387.00 
Security Bank of Gwinnett County,PR-130-2009,24-Jul-09,$322.00 ,$292.00 
Security Bank of North Metro,PR-130-2009,24-Jul-09,$224.00 ,$212.00 
Security Bank of North Fulton,PR-130-2009,24-Jul-09,$209.00 ,$191.00 
Waterford Village Bank,PR-129-2009,24-Jul-09,$61.40 ,$58.00 
Temecula Valley Bank,PR-126-2009,17-Jul-09,"$1,500.00 ","$1,300.00 "
Vineyard Bank,PR-125-2009,17-Jul-09,"$1,900.00 ","$1,600.00 "
BankFirst,PR-124-2009,17-Jul-09,$275.00 ,$254.00 
First Piedmont Bank,PR-123-2009,17-Jul-09,$115.00 ,$109.00 
Bank of Wyoming,PR-122-2009,10-Jul-09,$70.00 ,$67.00 
Founders Bank,PR-119-2009,2-Jul-09,$962.50 ,$848.90 
Millennium State Bank of Texas,PR-118-2009,2-Jul-09,$118.00 ,$115.00 
The First National Bank of Danville,PR-117-2009,2-Jul-09,$166.00 ,$147.00 
The Elizabeth State Bank,PR-116-2009,2-Jul-09,$55.50 ,$50.40 
Rock River Bank,PR-115-2009,2-Jul-09,$77.00 ,$75.80 
The First State Bank of Winchester,PR-114-2009,2-Jul-09,$36.00 ,$34.00 
The John Warner Bank,PR-113-2009,2-Jul-09,$70.00 ,$64.00 
Mirae Bank,PR-105-2009,26-Jun-09,$456.00 ,$362.00 
MetroPacific Bank,PR-104-2009,26-Jun-09,$80.00 ,$73.00 
Horizon Bank,PR-103-2009,26-Jun-09,$87.60 ,$69.40 
Neighborhood Community Bank,PR-102-2009,26-Jun-09,$221.60 ,$191.30 
Community Bank of West Georgia,PR-101-2009,26-Jun-09,$199.40 ,$182.50 
Cooperative Bank,PR-95-2009,19-Jun-09,$970.00 ,$774.00 
Southern Community Bank,PR-94-2009,19-Jun-09,$377.00 ,$307.00 
First National Bank of Anthony,PR-096-2009,19-Jun-09,$156.90 ,$142.50 
Bank of Lincolnwood,PR-86-2009,5-Jun-09,$214.00 ,$202.00 
Citizens National Bank,PR-76-2009,22-May-09,$437.00 ,$400.00 
Strategic Capital Bank,PR-75-2009,22-May-09,$537.00 ,$471.00 
BankUnited,PR-72-2009,21-May-09,"$12,800.00 ","$8,600.00 "
Westsound Bank,PR-069-2009,8-May-09,$334.60 ,$304.50 
America West Bank,PR-63-2009,1-May-09,$299.40 ,$284.10 
Citizens Community Bank,PR-62-2009,1-May-09,$45.10 ,$43.70 
Silverton Bank,PR-61-2009,1-May-09,"$4,100.00 ","$3,300.00 "
First Bank of Idaho,PR-60-2009,24-Apr-09,$488.90 ,$374.00 
First Bank of Beverly Hills,PR-59-2009,24-Apr-09,"$1,500.00 ","$1,000.00 "
Michigan Heritage Bank,PR-58-2009,24-Apr-09,$184.60 ,$151.70 
American Southern Bank,PR-57-2009,24-Apr-09,$112.30 ,$104.30 
Great Basin Bank of Nevada,PR-55-2009,17-Apr-09,$270.90 ,$221.40 
American Sterling Bank,PR-54-2009,17-Apr-09,$181.00 ,$171.90 
New Frontier Bank,PR-53-2009,10-Apr-09,"$2,000.00 ","$1,500.00 "
Cape Fear Bank,PR-52-2009,10-Apr-09,$492.00 ,$403.00 
Omni National Bank,PR-50-2009,27-Mar-09,$956.00 ,$796.80 
TeamBank,PR-46-2009,20-Mar-09,$669.80 ,$492.80 
FirstCity Bank,PR-44-2009,20-Mar-09,$297.00 ,$278.00 
Colorado National Bank,PR-045-2009,20-Mar-09,$123.50 ,$82.70 
Freedom Bank of Georgia,PR-37-2009,6-Mar-09,$173.00 ,$161.00 
Security Savings Bank,PR-32-2009,27-Feb-09,$238.30 ,$175.20 
Heritage Community Bank,PR-031-2009,27-Feb-09,$232.90 ,$218.60 
Silver Falls Bank,PR-24-2009,20-Feb-09,$131.40 ,$116.30 
Pinnacle Bank,PR-23-2009,13-Feb-09,$73.00 ,$64.00 
Corn Belt Bank and Trust Company,PR-22-2009,13-Feb-09,$271.80 ,$234.40 
Riverside Bank of the Gulf Coast,PR-21-2009,13-Feb-09,$539.00 ,$424.00 
Sherman County Bank,PR-020-2009,13-Feb-09,$129.80 ,$85.10 
County Bank,PR-19-2009,6-Feb-09,"$1,700.00 ","$1,300.00 "
Alliance Bank,PR-18-2009,6-Feb-09,"$1,140.00 ",$951.00 
FirstBank Financial Services,PR-17-2009,6-Feb-09,$337.00 ,$279.00 
Ocala National Bank,PR-14-2009,30-Jan-09,$223.50 ,$205.20 
Suburban Federal Savings Bank,PR-13-2009,30-Jan-09,$360.00 ,$302.00 
MagnetBank,PR-12-2009,30-Jan-09,$292.90 ,$282.80 
1st Centennial Bank,PR-7-2009,23-Jan-09,$803.30 ,$676.90 
Bank of Clark County,PR-6-2009,16-Jan-09,$446.50 ,$366.50 
National Bank of Commerce,PR-5-2009,16-Jan-09,$430.90 ,$402.10 
Sanderson State Bank,PR-135-2008,12-Dec-08,$37.00 ,$27.90 
Haven Trust Bank,PR-134-2008,12-Dec-08,$572.00 ,$515.00 
First Georgia Community Bank,PR-132-2008,5-Dec-08,$237.50 ,$197.40 
PFF Bank and Trust,PR-124-2008,21-Nov-08,"$3,700.00 ","$2,400.00 "
Downey Savings and Loan Association,PR-124-2008,21-Nov-08,"$12,800.00 ","$9,700.00 "
Community Bank,PR-123-2008,21-Nov-08,$681.00 ,$611.40 
Security Pacific Bank,PR-114-2008,7-Nov-08,$561.10 ,$450.10 
Franklin Bank,PR-113-2008,7-Nov-08,"$5,100.00 ","$3,700.00 "
Freedom Bank,PR-109-2008,31-Oct-08,$287.00 ,$254.00 
Alpha Bank & Trust,PR-106-2008,24-Oct-08,$354.10 ,$346.20 
Meridian Bank,PR-99-2008,10-Oct-08,$39.20 ,$36.90 
Main Street Bank,PR-98-2008,10-Oct-08,$98.00 ,$86.00 
Washington Mutual Bank,PR-85-2008,25-Sep-08,"$307,000.00 ","$188,000.00 "
Ameribank,PR-82-2008,19-Sep-08,$115.00 ,$102.00 
Silver State Bank,PR-77-2008,5-Sep-08,"$2,000.00 ","$1,700.00 "
Integrity Bank,PR-74-2008,29-Aug-08,"$1,100.00 ",$974.00 
Columbian Bank and Trust,PR-69-2008,22-Aug-08,$752.00 ,$622.00 
First Priority Bank,PR-65-2008,1-Aug-08,$259.00 ,$227.00 
First National Bank of Nevada,PR-63-2008,25-Jul-08,"$3,400.00 ","$3,000.00 "
First Heritage Bank National Association,PR-63-2008,25-Jul-08,$254.00 ,$233.00 
IndyMac Bank,PR-56-2008; PR-42-2009,11-Jul-08,"$32,010.00 ","$19,060.00 "
First Integrity Bank,PR-41-2008,30-May-08,$54.70 ,$50.30 
ANB Financial,PR-33-2008,9-May-08,"$2,100.00 ","$1,800.00 "
Hume Bank,PR-21-2008,7-Mar-08,$18.70 ,$13.60 
Douglass National Bank,PR-7-2008,25-Jan-08,$58.50 ,$53.80 
Miami Valley Bank,PR-83-2007,4-Oct-07,$86.70 ,$76.00 
NetBank,PR-81-2007,28-Sep-07,"$2,500.00 ","$2,300.00 "
Metropolitan Savings,PR-9-2007,2-Feb-07,$15.80 ,$12.00 
Bank of Ephraim,PR-69-2004,25-Jun-04,$46.40 ,$45.20 
Reliance Bank,PR-24-2004,19-Mar-04,$30.30 ,$28.00 
Guaranty National Bank of Tallahassee,PR-23-2004; PR-21-2004,12-Mar-04,$74.10 ,$66.90 
Dollar Savings Bank of Newark,PR-13-2004,14-Feb-04,$12.30 ,$9.80 
Pulaski Savings Bank,PR-107-2003,14-Nov-03,$10.20 ,$9.20 
First National Bank of Blanchardville,PR-48-2003; PR-47-2003,9-May-03,$35.00 ,$29.00 
Southern Pacific Bank,PR-11-2003,7-Feb-03,"$1,000.00 ",$864.70 
Farmers Bank & Trust of Cheneyville,PR-131-2002,17-Dec-02,$37.00 ,$33.10 
Bank of Alamo,PR-120-2002,8-Nov-02,$69.40 ,$55.30 
AmTrade International Bank,PR-100-2002,30-Sep-02,$12.00 ,$10.20 
Universal Federal Savings Bank,PR-81-2002; PR-76-2002,27-Jun-02,$51.60 ,$40.00 
Connecticut Bank of Commerce,PR-80-2002; PR-74-2002,26-Jun-02,$398.60 ,$323.70 
New Century Bank,PR-38-2002,28-Mar-02,$19.00 ,$18.00 
Net 1st National Bank,PR-26-2002,1-Mar-02,$34.70 ,$23.90 
NextBank,PR-16-2002,7-Feb-02,$700.00 ,$554.00 
Oakwood Deposit Bank Company,PR-11-2002; PR-10-2002,1-Feb-02,$72.30 ,$60.20 
Bank of Sierra Blanca,PR-5-2002,18-Jan-02,$10.80 ,$9.80 
Hamilton Bank,PR-3-2002,11-Jan-02,"$1,300.00 ","$1,200.00 "
Sinclair National Bank,PR-63-2001,7-Sep-01,$30.70 ,$25.70 
Superior Bank,PR-52-2001,27-Jul-01,"$2,300.00 ","$1,600.00 "
The Malta National Bank,PR-32-2001,3-May-01,$9.50 ,$8.80 
First Alliance Bank & Trust Company,PR-11-2001,2-Feb-01,$18.40 ,$17.50 
